{"cameraMode":{"drawMode":0,"name":"Shaded","section":"Shading Mode"},"sceneLighting":true,"audioPlay":false,"sceneViewState":{"showFog":true,"showMaterialUpdate":false,"showSkybox":true,"showFlares":true,"showImageEffects":true,"showParticleSystems":true},"in2DMode":false,"pivot":{"x":-1.0030145645141602,"y":0.23577594757080079,"z":1.080794334411621},"rotation":{"x":-0.10174721479415894,"y":0.8555221557617188,"z":-0.18396718800067902,"w":-0.4731658101081848},"size":7.244753360748291,"orthographic":false}